Hospital Name,Address,City,State,ZIP Code,County Name,Hospital Type,Hospital Ownership,Emergency Services,Hospital overall rating
PULLMAN REGIONAL HOSPITAL,835 S BISHOP BLVD,PULLMAN,WA,99163,WHITMAN,Critical Access Hospitals,Government - Hospital District or Authority,True,4.0
LOURDES MEDICAL CENTER,520 N FOURTH AVENUE,PASCO,WA,99301,FRANKLIN,Critical Access Hospitals,Voluntary non-profit - Church,True,3.0
CASCADE VALLEY HOSPITAL,330 S STILLAGUAMISH AVE,ARLINGTON,WA,98223,SNOHOMISH,Acute Care Hospitals,Government - Hospital District or Authority,True,3.0
OLYMPIC MEDICAL CENTER,939 CAROLINE ST,PORT ANGELES,WA,98362,CLALLAM,Acute Care Hospitals,Government - Local,True,3.0
SKYLINE HOSPITAL,211 SKYLINE DRIVE,WHITE SALMON,WA,98672,KLICKITAT,Critical Access Hospitals,Government - Hospital District or Authority,True,4.0
EVERGREEN HEALTH MONROE,14701 179TH SE,MONROE,WA,98272,SNOHOMISH,Acute Care Hospitals,Government - Hospital District or Authority,True,3.0
JEFFERSON HEALTHCARE,834 SHERIDAN STREET,PORT TOWNSEND,WA,98368,JEFFERSON,Critical Access Hospitals,Government - Hospital District or Authority,True,3.0
PROSSER MEMORIAL HOSPITAL,723 MEMORIAL STREET,PROSSER,WA,99350,BENTON,Critical Access Hospitals,Government - Hospital District or Authority,True,3.0
WHITMAN HOSPITAL AND MEDICAL CENTER,1200 WEST FAIRVIEW,COLFAX,WA,99111,WHITMAN,Critical Access Hospitals,Government - Hospital District or Authority,True,4.0
SKAGIT VALLEY HOSPITAL,1415 KINCAID STREET,MOUNT VERNON,WA,98274,SKAGIT,Acute Care Hospitals,Government - Hospital District or Authority,True,3.0
PROVIDENCE MOUNT CARMEL HOSPITAL,982 EAST COLUMBIA,COLVILLE,WA,99114,STEVENS,Critical Access Hospitals,Voluntary non-profit - Church,True,4.0
LEGACY SALMON CREEK MEDICAL CENTER,2211 NE 139TH STREET,VANCOUVER,WA,98686,CLARK,Acute Care Hospitals,Voluntary non-profit - Private,True,4.0
VIRGINIA MASON MEDICAL CENTER,925 SENECA ST,SEATTLE,WA,98101,KING,Acute Care Hospitals,Voluntary non-profit - Private,True,4.0
PROVIDENCE HOLY FAMILY HOSPITAL,5633 NORTH LIDGERWOOD,SPOKANE,WA,99208,SPOKANE,Acute Care Hospitals,Voluntary non-profit - Church,True,3.0
GRAYS HARBOR COMMUNITY HOSPITAL,915 ANDERSON DRIVE,ABERDEEN,WA,98520,GRAYS HARBOR,Acute Care Hospitals,Voluntary non-profit - Private,True,2.0
WHIDBEY GENERAL HOSPITAL,101 NORTH MAIN STREET,COUPEVILLE,WA,98239,ISLAND,Critical Access Hospitals,Government - Hospital District or Authority,True,2.0
OCEAN BEACH HOSPITAL,174 FIRST AVENUE NORTH,ILWACO,WA,98624,PACIFIC,Critical Access Hospitals,Government - Hospital District or Authority,True,3.0
PROVIDENCE CENTRALIA HOSPITAL,914 S SCHEUBER ROAD,CENTRALIA,WA,98531,LEWIS,Acute Care Hospitals,Voluntary non-profit - Other,True,3.0
PEACEHEALTH SOUTHWEST MEDICAL CENTER,400 NE MOTHER JOSEPH PLACE,VANCOUVER,WA,98668,CLARK,Acute Care Hospitals,Voluntary non-profit - Private,True,2.0
TRI-STATE MEMORIAL HOSPITAL,1221 HIGHLAND AVENUE,CLARKSTON,WA,99403,ASOTIN,Critical Access Hospitals,Voluntary non-profit - Private,True,3.0
HIGHLINE MEDICAL CENTER,16251 SYLVESTER ROAD SW,BURIEN,WA,98166,KING,Acute Care Hospitals,Voluntary non-profit - Private,True,3.0
ISLAND HOSPITAL,1211  24TH STREET,ANACORTES,WA,98221,SKAGIT,Acute Care Hospitals,Government - Hospital District or Authority,True,4.0
LINCOLN HOSPITAL,10 NICHOLS STREET,DAVENPORT,WA,99122,LINCOLN,Critical Access Hospitals,Government - Hospital District or Authority,True,3.0
CENTRAL WASHINGTON HOSPITAL,1201 SOUTH MILLER STREET,WENATCHEE,WA,98807,CHELAN,Acute Care Hospitals,Voluntary non-profit - Private,True,4.0
HARBORVIEW MEDICAL CENTER,325 9TH AVENUE,SEATTLE,WA,98104,KING,Acute Care Hospitals,Government - Local,True,2.0
CAPITAL MEDICAL CENTER,3900 CAPITAL MALL DR SW,OLYMPIA,WA,98502,THURSTON,Acute Care Hospitals,Voluntary non-profit - Private,True,3.0
OVERLAKE HOSPITAL MEDICAL CENTER,1035-116TH AVE NE,BELLEVUE,WA,98004,KING,Acute Care Hospitals,Voluntary non-profit - Other,True,3.0
KITTITAS VALLEY COMMUNITY HOSPITAL,603 SOUTH CHESTNUT,ELLENSBURG,WA,98926,KITTITAS,Critical Access Hospitals,Government - Hospital District or Authority,True,3.0
GOOD SAMARITAN REGIONAL MEDICAL CENTER,3600 NW SAMARITAN DRIVE,CORVALLIS,OR,97330,BENTON,Acute Care Hospitals,Voluntary non-profit - Private,True,3.0
KAISER SUNNYSIDE MEDICAL CENTER,10180 SE SUNNYSIDE ROAD,CLACKAMAS,OR,97015,CLACKAMAS,Acute Care Hospitals,Voluntary non-profit - Other,True,3.0
GOOD SHEPHERD MEDICAL CENTER,610 NW 11TH STREET,HERMISTON,OR,97838,UMATILLA,Critical Access Hospitals,Voluntary non-profit - Private,True,3.0
SACRED HEART UNIVERSITY DISTRICT,1255 HILYARD STREET,EUGENE,OR,97401,LANE,Acute Care Hospitals,Voluntary non-profit - Private,True,2.0
TUALITY COMMUNITY HOSPITAL,335 SE 8TH AVENUE,HILLSBORO,OR,97123,WASHINGTON,Acute Care Hospitals,Voluntary non-profit - Private,True,3.0
ASANTE THREE RIVERS MEDICAL CENTER,500 SW RAMSEY AVENUE,GRANTS PASS,OR,97527,JOSEPHINE,Acute Care Hospitals,Voluntary non-profit - Other,True,3.0
LEGACY EMANUEL MEDICAL CENTER,2801 N GANTENBEIN AVENUE,PORTLAND,OR,97227,MULTNOMAH,Acute Care Hospitals,Voluntary non-profit - Private,True,2.0
COQUILLE VALLEY HOSPITAL DISTRICT,940 EAST 5TH STREET,COQUILLE,OR,97423,COOS,Critical Access Hospitals,Government - Hospital District or Authority,True,3.0
SAMARITAN NORTH LINCOLN HOSPITAL,3043 NE 28TH STREET,LINCOLN CITY,OR,97367,LINCOLN,Critical Access Hospitals,Voluntary non-profit - Private,True,3.0
PROVIDENCE PORTLAND MEDICAL CENTER,4805 NE GLISAN STREET,PORTLAND,OR,97213,MULTNOMAH,Acute Care Hospitals,Voluntary non-profit - Church,True,3.0
OHSU HOSPITAL AND CLINICS,3181 SW SAM JACKSON PARK ROAD,PORTLAND,OR,97239,MULTNOMAH,Acute Care Hospitals,Voluntary non-profit - Other,True,3.0
SAMARITAN ALBANY GENERAL HOSPITAL,1046 6TH AVENUE SW,ALBANY,OR,97321,LINN,Acute Care Hospitals,Voluntary non-profit - Church,True,3.0
PROVIDENCE SEASIDE HOSPITAL,725 S WAHANNA ROAD,SEASIDE,OR,97138,CLATSOP,Critical Access Hospitals,Voluntary non-profit - Church,True,4.0
GRANDE RONDE HOSPITAL,900 SUNSET DRIVE,LA GRANDE,OR,97850,UNION,Critical Access Hospitals,Voluntary non-profit - Private,True,3.0
MCKENZIE-WILLAMETTE MEDICAL CENTER,1460 G STREET,SPRINGFIELD,OR,97477,LANE,Acute Care Hospitals,Voluntary non-profit - Private,True,3.0
PROVIDENCE HOOD RIVER MEMORIAL HOSPITAL,810 12TH STREET,HOOD RIVER,OR,97031,HOOD RIVER,Critical Access Hospitals,Voluntary non-profit - Church,True,4.0
ASANTE ASHLAND COMMUNITY HOSPITAL,280 MAPLE STREET,ASHLAND,OR,97520,JACKSON,Acute Care Hospitals,Government - Local,True,4.0
PROVIDENCE MEDFORD MEDICAL CENTER,1111 CRATER LAKE AVENUE,MEDFORD,OR,97504,JACKSON,Acute Care Hospitals,Voluntary non-profit - Church,True,2.0
LEGACY GOOD SAMARITAN MEDICAL CENTER,"1015 NW 22ND AVENUE, W121",PORTLAND,OR,97210,MULTNOMAH,Acute Care Hospitals,Voluntary non-profit - Private,True,3.0
ST CHARLES PRINEVILLE,384 SE COMBS FLAT ROAD,PRINEVILLE,OR,97754,CROOK,Critical Access Hospitals,Voluntary non-profit - Private,True,4.0
PROVIDENCE MILWAUKIE HOSPITAL,10150 SE 32ND AVENUE,MILWAUKIE,OR,97222,CLACKAMAS,Acute Care Hospitals,Voluntary non-profit - Church,True,3.0
LEGACY MERIDIAN PARK MEDICAL CENTER,19300 SW 65TH AVENUE,TUALATIN,OR,97062,WASHINGTON,Acute Care Hospitals,Voluntary non-profit - Private,True,4.0
SAMARITAN LEBANON COMMUNITY HOSPITAL,525 N SANTIAM HIGHWAY,LEBANON,OR,97355,LINN,Critical Access Hospitals,Voluntary non-profit - Church,True,3.0
PROVIDENCE WILLAMETTE FALLS MEDICAL CENTER,1500 DIVISION STREET,OREGON CITY,OR,97045,CLACKAMAS,Acute Care Hospitals,Voluntary non-profit - Private,True,3.0
LEGACY MOUNT HOOD MEDICAL CENTER,24800 SE STARK STREET,GRESHAM,OR,97030,MULTNOMAH,Acute Care Hospitals,Voluntary non-profit - Private,True,3.0
WILLAMETTE VALLEY MEDICAL CENTER,2700 SE STRATUS AVE.,MCMINNVILLE,OR,97128,YAMHILL,Acute Care Hospitals,Voluntary non-profit - Private,True,3.0
"SAINT ALPHONSUS MEDICAL CENTER - BAKER CITY, INC",3325 POCAHONTAS ROAD,BAKER CITY,OR,97814,BAKER,Critical Access Hospitals,Voluntary non-profit - Church,True,4.0
PROVIDENCE NEWBERG MEDICAL CENTER,1001 PROVIDENCE DRIVE,NEWBERG,OR,97132,YAMHILL,Acute Care Hospitals,Voluntary non-profit - Church,True,4.0
MID-COLUMBIA MEDICAL CENTER,1700 E 19TH STREET,THE DALLES,OR,97058,WASCO,Acute Care Hospitals,Voluntary non-profit - Other,True,3.0
ST CHARLES - MADRAS,470 NE A STREET,MADRAS,OR,97741,JEFFERSON,Critical Access Hospitals,Voluntary non-profit - Private,True,3.0
KAISER FOUNDATION HOSPITAL - WESTSIDE,2875 NW STUCKI AVE,HILLSBORO,OR,97124,WASHINGTON,Acute Care Hospitals,Voluntary non-profit - Private,True,4.0
PROVIDENCE ST VINCENT MEDICAL CENTER,9205 SW BARNES ROAD,PORTLAND,OR,97225,WASHINGTON,Acute Care Hospitals,Voluntary non-profit - Other,True,3.0
SAMARITAN PACIFIC COMMUNITY HOSPITAL,930 SW ABBEY STREET,NEWPORT,OR,97365,LINCOLN,Critical Access Hospitals,Voluntary non-profit - Private,True,3.0
SALEM HOSPITAL,"890 OAK STREET, SE",SALEM,OR,97301,MARION,Acute Care Hospitals,Voluntary non-profit - Other,True,3.0
LAKE DISTRICT HOSPITAL,700 SOUTH J STREET,LAKEVIEW,OR,97630,LAKE,Critical Access Hospitals,Government - Hospital District or Authority,True,3.0
PEACE HARBOR MEDICAL CENTER,400 9TH STREET,FLORENCE,OR,97439,LANE,Critical Access Hospitals,Voluntary non-profit - Church,True,3.0
SKY LAKES MEDICAL CENTER,2865 DAGGETT AVENUE,KLAMATH FALLS,OR,97601,KLAMATH,Acute Care Hospitals,Voluntary non-profit - Private,True,3.0
ASANTE ROGUE REGIONAL MEDICAL CENTER,2825 E BARNETT ROAD,MEDFORD,OR,97504,JACKSON,Acute Care Hospitals,Voluntary non-profit - Private,True,4.0
BAY AREA HOSPITAL,1775 THOMPSON ROAD,COOS BAY,OR,97420,COOS,Acute Care Hospitals,Government - Hospital District or Authority,True,1.0
SAN GORGONIO MEMORIAL HOSPITAL,600 NORTH HIGHLAND SPRINGS AVENUE,BANNING,CA,92220,RIVERSIDE,Acute Care Hospitals,Government - Hospital District or Authority,True,3.0
HOAG MEMORIAL HOSPITAL PRESBYTERIAN,ONE HOAG DRIVE,NEWPORT BEACH,CA,92663,ORANGE,Acute Care Hospitals,Voluntary non-profit - Private,True,4.0
SUTTER ROSEVILLE MEDICAL CENTER,ONE MEDICAL PLAZA,ROSEVILLE,CA,95661,PLACER,Acute Care Hospitals,Voluntary non-profit - Other,True,4.0
STANFORD HEALTH CARE,300 PASTEUR DRIVE,STANFORD,CA,94305,SANTA CLARA,Acute Care Hospitals,Voluntary non-profit - Private,True,4.0
EDEN MEDICAL CENTER,20103 LAKE CHABOT ROAD,CASTRO VALLEY,CA,94546,ALAMEDA,Acute Care Hospitals,Voluntary non-profit - Other,True,3.0
MARIAN REGIONAL MEDICAL CENTER,1400 E CHURCH ST,SANTA MARIA,CA,93454,SANTA BARBARA,Acute Care Hospitals,Voluntary non-profit - Church,True,3.0
LOS ALAMITOS MEDICAL CENTER,3751 KATELLA AVENUE,LOS ALAMITOS,CA,90720,ORANGE,Acute Care Hospitals,Proprietary,True,3.0
WEST ANAHEIM MEDICAL CENTER,3033 W ORANGE AVENUE,ANAHEIM,CA,92804,ORANGE,Acute Care Hospitals,Proprietary,True,3.0
CHINO VALLEY MEDICAL CENTER,5451 WALNUT AVE,CHINO,CA,91710,SAN BERNARDINO,Acute Care Hospitals,Proprietary,True,4.0
EL CENTRO REGIONAL MEDICAL CENTER,1415 ROSS AVENUE,EL CENTRO,CA,92243,IMPERIAL,Acute Care Hospitals,Voluntary non-profit - Other,True,2.0
TEMECULA VALLEY HOSPITAL,31700 TEMECULA PKWY,TEMECULA,CA,92592,RIVERSIDE,Acute Care Hospitals,Proprietary,True,3.0
PALMDALE REGIONAL MEDICAL CENTER,38600 MEDICAL CENTER DRIVE,PALMDALE,CA,93552,LOS ANGELES,Acute Care Hospitals,Proprietary,True,3.0
PETALUMA VALLEY HOSPITAL,400 N MCDOWELL BLVD,PETALUMA,CA,94954,SONOMA,Acute Care Hospitals,Voluntary non-profit - Other,True,3.0
SCRIPPS MERCY HOSPITAL,4077 5TH AVE,SAN DIEGO,CA,92103,SAN DIEGO,Acute Care Hospitals,Voluntary non-profit - Private,True,3.0
SETON MEDICAL CENTER,1900 SULLIVAN AVENUE,DALY CITY,CA,94015,SAN MATEO,Acute Care Hospitals,Voluntary non-profit - Church,True,2.0
SAN JOAQUIN GENERAL HOSPITAL,500 W HOSPITAL ROAD,FRENCH CAMP,CA,95231,SAN JOAQUIN,Acute Care Hospitals,Government - Local,True,2.0
NOVATO COMMUNITY HOSPITAL,180 ROWLAND WAY,NOVATO,CA,94945,MARIN,Acute Care Hospitals,Voluntary non-profit - Other,True,4.0
HUNTINGTON MEMORIAL HOSPITAL,100 W  CALIFORNIA BLVD,PASADENA,CA,91109,LOS ANGELES,Acute Care Hospitals,Voluntary non-profit - Private,True,4.0
REDWOOD MEMORIAL HOSPITAL,3300 RENNER DRIVE,FORTUNA,CA,95540,HUMBOLDT,Critical Access Hospitals,Voluntary non-profit - Private,True,3.0
MILLS-PENINSULA MEDICAL CENTER,1501 TROUSDALE DRIVE,BURLINGAME,CA,94010,SAN MATEO,Acute Care Hospitals,Voluntary non-profit - Private,True,4.0
OJAI VALLEY COMMUNITY HOSPITAL,1306 MARICOPA HWY,OJAI,CA,93023,VENTURA,Critical Access Hospitals,Voluntary non-profit - Private,True,4.0
SUTTER COAST HOSPITAL,800 E WASHINGTON BLVD,CRESCENT CITY,CA,95531,DEL NORTE,Acute Care Hospitals,Government - Hospital District or Authority,True,3.0
DAMERON HOSPITAL,525 WEST ACACIA STREET,STOCKTON,CA,95203,SAN JOAQUIN,Acute Care Hospitals,Voluntary non-profit - Other,True,2.0
ARROWHEAD REGIONAL MEDICAL CENTER,400 NORTH PEPPER AVENUE,COLTON,CA,92324,SAN BERNARDINO,Acute Care Hospitals,Government - Local,True,2.0
SUTTER AUBURN FAITH HOSPITAL,11815 EDUCATION STREET,AUBURN,CA,95603,PLACER,Acute Care Hospitals,Voluntary non-profit - Other,True,4.0
NORTHERN INYO HOSPITAL,150 PIONEER LANE,BISHOP,CA,93514,INYO,Critical Access Hospitals,Government - Hospital District or Authority,True,4.0
CHINESE HOSPITAL,845 JACKSON ST,SAN FRANCISCO,CA,94133,SAN FRANCISCO,Acute Care Hospitals,Voluntary non-profit - Private,True,3.0
BEVERLY HOSPITAL,309 W BEVERLY BLVD,MONTEBELLO,CA,90640,LOS ANGELES,Acute Care Hospitals,Voluntary non-profit - Private,True,3.0
GARFIELD MEDICAL CENTER,525 N GARFIELD AVE,MONTEREY PARK,CA,91754,LOS ANGELES,Acute Care Hospitals,Proprietary,True,3.0
SOUTHERN CALIFORNIA HOSPITAL AT HOLLYWOOD,6245 DE LONGPRE AVE,HOLLYWOOD,CA,90028,LOS ANGELES,Acute Care Hospitals,Proprietary,True,3.0
CONTRA COSTA REGIONAL MEDICAL CENTER,2500 ALHAMBRA AVENUE,MARTINEZ,CA,94553,CONTRA COSTA,Acute Care Hospitals,Government - Local,True,2.0
PIONEERS MEMORIAL HEALTHCARE DISTRICT,207 WEST LEGION ROAD,BRAWLEY,CA,92227,IMPERIAL,Acute Care Hospitals,Government - Hospital District or Authority,True,2.0
FRESNO SURGICAL HOSPITAL,6125 NORTH FRESNO ST,FRESNO,CA,93710,FRESNO,Acute Care Hospitals,Proprietary,False,5.0
SCRIPPS GREEN HOSPITAL,10666 NORTH TORREY PINES ROAD,LA JOLLA,CA,92037,SAN DIEGO,Acute Care Hospitals,Voluntary non-profit - Private,False,5.0
TRI-CITY MEDICAL CENTER,4002 VISTA WAY,OCEANSIDE,CA,92056,SAN DIEGO,Acute Care Hospitals,Government - Hospital District or Authority,True,2.0
KAISER FOUNDATION HOSPITAL - REDWOOD CITY,1100 VETERANS BOULEVARD,REDWOOD CITY,CA,94063,SAN MATEO,Acute Care Hospitals,Voluntary non-profit - Other,True,3.0
GEORGE L MEE MEMORIAL HOSPITAL,300 CANAL STREET,KING CITY,CA,93930,MONTEREY,Acute Care Hospitals,Voluntary non-profit - Other,True,3.0
UCSF MEDICAL CENTER,"505 PARNASSUS AVE, BOX 0296",SAN FRANCISCO,CA,94143,SAN FRANCISCO,Acute Care Hospitals,Voluntary non-profit - Other,True,3.0
GREATER EL MONTE COMMUNITY HOSPITAL,1701 SANTA ANITA AVE,SOUTH EL MONTE,CA,91733,LOS ANGELES,Acute Care Hospitals,Voluntary non-profit - Private,False,3.0
SUTTER AMADOR HOSPITAL,200 MISSION BLVD,JACKSON,CA,95642,AMADOR,Acute Care Hospitals,Voluntary non-profit - Private,True,2.0
PROVIDENCE HOLY CROSS MEDICAL CENTER,15031 RINALDI ST,MISSION HILLS,CA,91346,LOS ANGELES,Acute Care Hospitals,Voluntary non-profit - Church,True,4.0
SALINAS VALLEY MEMORIAL HOSPITAL,450 EAST ROMIE LANE,SALINAS,CA,93901,MONTEREY,Acute Care Hospitals,Voluntary non-profit - Other,True,3.0
HUNTINGTON BEACH HOSPITAL,17772 BEACH BLVD,HUNTINGTON BEACH,CA,92647,ORANGE,Acute Care Hospitals,Proprietary,True,3.0
KAISER FOUNDATION HOSPITAL - VACAVILLE,1 QUALITY DRIVE,VACAVILLE,CA,95688,SOLANO,Acute Care Hospitals,Proprietary,True,3.0
BANNER LASSEN MEDICAL CENTER,1800 SPRING RIDGE DRIVE,SUSANVILLE,CA,96130,LASSEN,Critical Access Hospitals,Voluntary non-profit - Private,True,4.0
SANTA CLARA VALLEY MEDICAL CENTER,751 SOUTH BASCOM AVENUE,SAN JOSE,CA,95128,SANTA CLARA,Acute Care Hospitals,Government - Local,True,2.0
SHARP MEMORIAL HOSPITAL,7901 FROST ST,SAN DIEGO,CA,92123,SAN DIEGO,Acute Care Hospitals,Voluntary non-profit - Other,True,4.0
PACIFICA HOSPITAL OF THE VALLEY,9449 SAN FERNANDO RD,SUN VALLEY,CA,91352,LOS ANGELES,Acute Care Hospitals,Proprietary,True,2.0
KAISER FOUNDATION HOSPITAL - SAN FRANCISCO,2425 GEARY BLVD,SAN FRANCISCO,CA,94115,SAN FRANCISCO,Acute Care Hospitals,Voluntary non-profit - Other,True,3.0
HOLLYWOOD PRESBYTERIAN MEDICAL CENTER,1300 N VERMONT AVE,LOS ANGELES,CA,90027,LOS ANGELES,Acute Care Hospitals,Proprietary,True,2.0
QUEEN OF THE VALLEY MEDICAL CENTER,1000 TRANCAS ST,NAPA,CA,94558,NAPA,Acute Care Hospitals,Voluntary non-profit - Church,True,3.0
KAISER FOUNDATION HOSPITAL - ANTIOCH,4501 SAND CREEK ROAD,ANTIOCH,CA,94531,CONTRA COSTA,Acute Care Hospitals,Proprietary,True,3.0
AHMC ANAHEIM REGIONAL MEDICAL CENTER,1111 W LA PALMA AVENUE,ANAHEIM,CA,92801,ORANGE,Acute Care Hospitals,Voluntary non-profit - Private,True,3.0
BARTON MEMORIAL HOSPITAL,2170 SOUTH AVENUE,SOUTH LAKE TAHOE,CA,96150,EL DORADO,Acute Care Hospitals,Voluntary non-profit - Private,True,3.0
KAISER FOUNDATION HOSPITAL - SAN LEANDRO,2500 MERCED STREET,SAN LEANDRO,CA,94577,ALAMEDA,Acute Care Hospitals,Voluntary non-profit - Private,True,3.0
JOHN F KENNEDY MEMORIAL HOSPITAL,47111 MONROE STREET,INDIO,CA,92201,RIVERSIDE,Acute Care Hospitals,Proprietary,True,2.0
NORTHRIDGE HOSPITAL MEDICAL CENTER,18300 ROSCOE BLVD,NORTHRIDGE,CA,91325,LOS ANGELES,Acute Care Hospitals,Voluntary non-profit - Private,True,2.0
WOODLAND MEMORIAL HOSPITAL,1325 COTTONWOOD STREET,WOODLAND,CA,95695,YOLO,Acute Care Hospitals,Voluntary non-profit - Other,True,3.0
KAISER FOUNDATION HOSPITAL - ROSEVILLE,1600 EUREKA ROAD,ROSEVILLE,CA,95661,PLACER,Acute Care Hospitals,Voluntary non-profit - Private,True,4.0
METHODIST HOSPITAL OF SACRAMENTO,7500 HOSPITAL DRIVE,SACRAMENTO,CA,95823,SACRAMENTO,Acute Care Hospitals,Voluntary non-profit - Other,True,3.0
USC VERDUGO HILLS HOSPITAL,1812 VERDUGO BLVD,GLENDALE,CA,91209,LOS ANGELES,Acute Care Hospitals,Voluntary non-profit - Private,True,2.0
JOHN C FREMONT HEALTHCARE DISTRICT,5189 HOSPITAL ROAD,MARIPOSA,CA,95338,MARIPOSA,Critical Access Hospitals,Government - Hospital District or Authority,True,3.0
SAN GABRIEL VALLEY MEDICAL CENTER,438 W LAS TUNAS DRIVE,SAN GABRIEL,CA,91776,LOS ANGELES,Acute Care Hospitals,Physician,True,4.0
SHERMAN OAKS HOSPITAL,4929 VAN NUYS BLVD,SHERMAN OAKS,CA,91403,LOS ANGELES,Acute Care Hospitals,Voluntary non-profit - Private,True,2.0
LOMPOC VALLEY MEDICAL CENTER,1515 E OCEAN AVENUE,LOMPOC,CA,93436,SANTA BARBARA,Acute Care Hospitals,Government - Hospital District or Authority,True,2.0
SEQUOIA HOSPITAL,170 ALAMEDA DE LAS PULGAS,REDWOOD CITY,CA,94062,SAN MATEO,Acute Care Hospitals,Voluntary non-profit - Private,True,4.0
KAISER FOUNDATION HOSPITAL - FREMONT,39400 PASEO PADRE PKWY,FREMONT,CA,94538,ALAMEDA,Acute Care Hospitals,Voluntary non-profit - Other,True,3.0
GOLETA VALLEY COTTAGE HOSPITAL,351 S PATTERSON AVE,SANTA BARBARA,CA,93111,SANTA BARBARA,Acute Care Hospitals,Voluntary non-profit - Other,True,5.0
SUTTER DELTA MEDICAL CENTER,3901 LONE TREE WAY,ANTIOCH,CA,94509,CONTRA COSTA,Acute Care Hospitals,Voluntary non-profit - Private,True,2.0
EISENHOWER MEDICAL CENTER,39-000 BOB HOPE DRIVE,RANCHO MIRAGE,CA,92270,RIVERSIDE,Acute Care Hospitals,Proprietary,True,4.0
MADERA COMMUNITY HOSPITAL,1250 E ALMOND AVE,MADERA,CA,93637,MADERA,Acute Care Hospitals,Voluntary non-profit - Other,True,2.0
LOMA LINDA UNIVERSITY MEDICAL CENTER,11234 ANDERSON ST,LOMA LINDA,CA,92354,SAN BERNARDINO,Acute Care Hospitals,Voluntary non-profit - Private,True,2.0
FAIRCHILD MEDICAL CENTER,444 BRUCE STREET,YREKA,CA,96097,SISKIYOU,Critical Access Hospitals,Voluntary non-profit - Other,True,3.0
REDLANDS COMMUNITY HOSPITAL,350 TERRACINA BLVD,REDLANDS,CA,92373,SAN BERNARDINO,Acute Care Hospitals,Government - Federal,True,4.0
PALOMAR HEALTH DOWNTOWN CAMPUS,555 E VALLEY PARKWAY,ESCONDIDO,CA,92025,SAN DIEGO,Acute Care Hospitals,Government - Hospital District or Authority,True,3.0
PLACENTIA LINDA HOSPITAL,1301 N ROSE DRIVE,PLACENTIA,CA,92870,ORANGE,Acute Care Hospitals,Proprietary,True,3.0
SUTTER SANTA ROSA REGIONAL HOSPITAL,30 MARK WEST SPRINGS ROAD,SANTA ROSA,CA,95403,SONOMA,Acute Care Hospitals,Government - Local,True,3.0
KAISER FOUNDATION HOSPITAL - SOUTH SAN FRANCISCO,1200 EL CAMINO REAL,SOUTH SAN FRANCISCO,CA,94080,SAN MATEO,Acute Care Hospitals,Voluntary non-profit - Private,True,3.0
SANTA YNEZ VALLEY COTTAGE HOSPITAL,2050 VIBORG RD,SOLVANG,CA,93463,SANTA BARBARA,Critical Access Hospitals,Voluntary non-profit - Private,True,3.0
COMMUNITY HOSPITAL OF SAN BERNARDINO,1805 MEDICAL CENTER DRIVE,SAN BERNARDINO,CA,92411,SAN BERNARDINO,Acute Care Hospitals,Voluntary non-profit - Private,True,2.0
MEMORIAL HOSPITAL OF GARDENA,1145 W REDONDO BEACH BLVD,GARDENA,CA,90247,LOS ANGELES,Acute Care Hospitals,Proprietary,True,3.0
DOMINICAN HOSPITAL,1555 SOQUEL DRIVE,SANTA CRUZ,CA,95065,SANTA CRUZ,Acute Care Hospitals,Voluntary non-profit - Church,True,4.0
KERN MEDICAL CENTER,1700 MOUNT VERNON AVENUE,BAKERSFIELD,CA,93306,KERN,Acute Care Hospitals,Voluntary non-profit - Other,True,1.0
ALTA BATES SUMMIT MEDICAL CENTER,350 HAWTHORNE AVENUE,OAKLAND,CA,94609,ALAMEDA,Acute Care Hospitals,Voluntary non-profit - Private,True,3.0
VICTOR VALLEY GLOBAL MEDICAL CENTER,15248 11TH ST,VICTORVILLE,CA,92392,SAN BERNARDINO,Acute Care Hospitals,Voluntary non-profit - Private,True,2.0
LOMA LINDA UNIVERSITY MEDICAL CENTER-MURRIETA,28062 BAXTER ROAD,MURRIETA,CA,92563,RIVERSIDE,Acute Care Hospitals,Proprietary,True,3.0
KAISER FOUNDATION HOSPITAL - DOWNEY,9333 IMPERIAL HIGHWAY,DOWNEY,CA,90242,LOS ANGELES,Acute Care Hospitals,Voluntary non-profit - Other,True,3.0
VENTURA COUNTY MEDICAL CENTER,3291 LOMA VISTA RD,VENTURA,CA,93003,VENTURA,Acute Care Hospitals,Government - Local,True,2.0
KAISER FOUNDATION HOSPITAL - PANORAMA CITY,13652 CANTARA ST,PANORAMA CITY,CA,91402,LOS ANGELES,Acute Care Hospitals,Voluntary non-profit - Private,True,3.0
LOS ANGELES COMMUNITY HOSPITAL,4081 E OLYMPIC BLVD,LOS ANGELES,CA,90023,LOS ANGELES,Acute Care Hospitals,Proprietary,True,3.0
ENCINO HOSPITAL MEDICAL CENTER,16237 VENTURA BLVD,ENCINO,CA,91436,LOS ANGELES,Acute Care Hospitals,Proprietary,True,3.0
DOCTORS HOSPITAL OF MANTECA,1205 E NORTH STREET,MANTECA,CA,95336,SAN JOAQUIN,Acute Care Hospitals,Proprietary,True,3.0
ALAMEDA HOSPITAL,2070 CLINTON AVENUE,ALAMEDA,CA,94501,ALAMEDA,Acute Care Hospitals,Government - Hospital District or Authority,True,2.0
WATSONVILLE COMMUNITY HOSPITAL,75 NIELSON STREET,WATSONVILLE,CA,95076,SANTA CRUZ,Acute Care Hospitals,Proprietary,True,3.0
HI-DESERT MEDICAL CENTER,6601 WHITE FEATHER ROAD,JOSHUA TREE,CA,92252,SAN BERNARDINO,Acute Care Hospitals,Government - Hospital District or Authority,True,2.0
SAN LEANDRO HOSPITAL,13855 E 14TH STREET,SAN LEANDRO,CA,94578,ALAMEDA,Acute Care Hospitals,Voluntary non-profit - Other,True,2.0
ORCHARD HOSPITAL,240 SPRUCE STREET,GRIDLEY,CA,95948,BUTTE,Critical Access Hospitals,Voluntary non-profit - Private,True,2.0
CLOVIS COMMUNITY MEDICAL CENTER,2755 HERNDON AVE,CLOVIS,CA,93611,FRESNO,Acute Care Hospitals,Voluntary non-profit - Private,True,2.0
ALHAMBRA HOSPITAL MEDICAL CENTER,100 S RAYMOND AVE,ALHAMBRA,CA,91801,LOS ANGELES,Acute Care Hospitals,Proprietary,True,4.0
SUTTER LAKESIDE HOSPITAL,5176 HILL ROAD EAST,LAKEPORT,CA,95453,LAKE,Critical Access Hospitals,Voluntary non-profit - Private,True,3.0
SAN ANTONIO REGIONAL HOSPITAL,999 SAN BERNARDINO ROAD,UPLAND,CA,91786,SAN BERNARDINO,Acute Care Hospitals,Voluntary non-profit - Other,True,3.0
POMERADO HOSPITAL,15615 POMERADO ROAD,POWAY,CA,92064,SAN DIEGO,Acute Care Hospitals,Government - Hospital District or Authority,True,3.0
MONTCLAIR HOSPITAL MEDICAL CENTER,5000 SAN BERNARDINO ST,MONTCLAIR,CA,91763,SAN BERNARDINO,Acute Care Hospitals,Voluntary non-profit - Private,True,3.0
SUTTER DAVIS HOSPITAL,2000 SUTTER PLACE,DAVIS,CA,95616,YOLO,Acute Care Hospitals,Proprietary,True,4.0
FRESNO HEART AND SURGICAL HOSPITAL,15 EAST AUDUBON DRIVE,FRESNO,CA,93720,FRESNO,Acute Care Hospitals,Voluntary non-profit - Private,False,3.0
MERCY HOSPITAL OF FOLSOM,1650 CREEKSIDE DRIVE,FOLSOM,CA,95630,SACRAMENTO,Acute Care Hospitals,Voluntary non-profit - Private,True,2.0
ANAHEIM GLOBAL MEDICAL CENTER,1025 S ANAHEIM BLVD,ANAHEIM,CA,92805,ORANGE,Acute Care Hospitals,Proprietary,True,2.0
KAISER FOUNDATION HOSPITAL - WOODLAND HILLS,5601 DE SOTO,WOODLAND HILLS,CA,91367,LOS ANGELES,Acute Care Hospitals,Voluntary non-profit - Private,True,3.0
MARSHALL MEDICAL CENTER,1100 MARSHALL WAY,PLACERVILLE,CA,95667,EL DORADO,Acute Care Hospitals,Voluntary non-profit - Other,True,4.0
KAISER FOUNDATION HOSPITAL - BALDWIN PARK,1011 BALDWIN PARK BLVD,BALDWIN PARK,CA,91706,LOS ANGELES,Acute Care Hospitals,Voluntary non-profit - Other,True,3.0
HAZEL HAWKINS MEMORIAL HOSPITAL,911 SUNSET DRIVE,HOLLISTER,CA,95023,SAN BENITO,Acute Care Hospitals,Government - Hospital District or Authority,False,2.0
COLLEGE MEDICAL CENTER,2776 PACIFIC AVENUE,LONG BEACH,CA,90806,LOS ANGELES,Acute Care Hospitals,Proprietary,True,3.0
SIERRA VISTA REGIONAL MEDICAL CENTER,1010 MURRAY ST,SAN LUIS OBISPO,CA,93405,SAN LUIS OBISPO,Acute Care Hospitals,Proprietary,True,3.0
TAHOE FOREST HOSPITAL,10121 PINE AVE,TRUCKEE,CA,96161,NEVADA,Critical Access Hospitals,Government - Hospital District or Authority,True,4.0
DOCTORS MEDICAL CENTER,1441 FLORIDA AVENUE,MODESTO,CA,95350,STANISLAUS,Acute Care Hospitals,Proprietary,True,2.0
PARADISE VALLEY HOSPITAL,2400 EAST 4TH ST,NATIONAL CITY,CA,91950,SAN DIEGO,Acute Care Hospitals,Proprietary,True,4.0
MEMORIAL HOSPITAL LOS BANOS,520 WEST I ST,LOS BANOS,CA,93635,MERCED,Acute Care Hospitals,Voluntary non-profit - Private,True,3.0
MERCY GENERAL HOSPITAL,4001 J ST,SACRAMENTO,CA,95819,SACRAMENTO,Acute Care Hospitals,Voluntary non-profit - Church,True,3.0
MARK TWAIN MEDICAL CENTER,768 MOUNTAIN RANCH RD,SAN ANDREAS,CA,95249,CALAVERAS,Critical Access Hospitals,Voluntary non-profit - Other,True,3.0
KERN VALLEY HEALTHCARE DISTRICT,6412 LAUREL AVE,LAKE ISABELLA,CA,93240,KERN,Critical Access Hospitals,Government - Hospital District or Authority,True,2.0
OROVILLE HOSPITAL,2767 OLIVE HIGHWAY,OROVILLE,CA,95966,BUTTE,Acute Care Hospitals,Voluntary non-profit - Private,True,3.0
KAISER FOUNDATION HOSPITAL - LOS ANGELES,4867 SUNSET BLVD,LOS ANGELES,CA,90027,LOS ANGELES,Acute Care Hospitals,Voluntary non-profit - Other,True,3.0
SIERRA NEVADA MEMORIAL HOSPITAL,155 GLASSON WAY,GRASS VALLEY,CA,95945,NEVADA,Acute Care Hospitals,Voluntary non-profit - Other,True,3.0
SUTTER TRACY COMMUNITY HOSPITAL,1420 N TRACY BLVD,TRACY,CA,95376,SAN JOAQUIN,Acute Care Hospitals,Voluntary non-profit - Private,True,3.0
LAKEWOOD REGIONAL MEDICAL CENTER,3700 E SOUTH ST,LAKEWOOD,CA,90712,LOS ANGELES,Acute Care Hospitals,Proprietary,True,3.0
SANTA BARBARA COTTAGE HOSPITAL,400 WEST PUEBLO,SANTA BARBARA,CA,93102,SANTA BARBARA,Acute Care Hospitals,Voluntary non-profit - Private,True,5.0
SONOMA VALLEY HOSPITAL,347 ANDRIEUX ST,SONOMA,CA,95476,SONOMA,Acute Care Hospitals,Government - Hospital District or Authority,True,4.0
GARDENS REGIONAL HOSPITAL AND MEDICAL CENTER,21530 S PIONEER BLVD,HAWAIIAN GARDENS,CA,90716,LOS ANGELES,Acute Care Hospitals,Voluntary non-profit - Private,True,3.0
DESERT REGIONAL MEDICAL CENTER,1150 NORTH INDIAN CANYON DRIVE,PALM SPRINGS,CA,92262,RIVERSIDE,Acute Care Hospitals,Proprietary,True,1.0
POMONA VALLEY HOSPITAL MEDICAL CENTER,1798 N GAREY AVE,POMONA,CA,91767,LOS ANGELES,Acute Care Hospitals,Voluntary non-profit - Private,True,3.0
ORANGE COUNTY GLOBAL MEDICAL CENTER,1001 NORTH TUSTIN AVENUE,SANTA ANA,CA,92705,ORANGE,Acute Care Hospitals,Proprietary,True,1.0
OLYMPIA MEDICAL CENTER,5900 WEST OLYMPIC BOULEVARD,LOS ANGELES,CA,90036,LOS ANGELES,Acute Care Hospitals,Proprietary,True,2.0
MAD RIVER COMMUNITY HOSPITAL,3800 JANES RD,ARCATA,CA,95521,HUMBOLDT,Acute Care Hospitals,Proprietary,True,3.0
COAST PLAZA HOSPITAL,13100 STUDERBAKER ROAD,NORWALK,CA,90650,LOS ANGELES,Acute Care Hospitals,Proprietary,True,2.0
"SUTTER MEDICAL CENTER, SACRAMENTO",2825 CAPITOL AVENUE,SACRAMENTO,CA,95816,SACRAMENTO,Acute Care Hospitals,Voluntary non-profit - Private,True,4.0
SAN DIMAS COMMUNITY HOSPITAL,1350 W COVINA BLVD,SAN DIMAS,CA,91773,LOS ANGELES,Acute Care Hospitals,Proprietary,True,3.0
RIVERSIDE COMMUNITY HOSPITAL,4445 MAGNOLIA AVENUE,RIVERSIDE,CA,92501,RIVERSIDE,Acute Care Hospitals,Government - State,True,2.0
ALVARADO HOSPITAL MEDICAL CENTER,6655 ALVARADO ROAD,SAN DIEGO,CA,92120,SAN DIEGO,Acute Care Hospitals,Government - Federal,True,4.0
BARSTOW COMMUNITY HOSPITAL,820 E MOUNTAIN VIEW STREET,BARSTOW,CA,92311,SAN BERNARDINO,Acute Care Hospitals,Proprietary,True,3.0
SHARP CHULA VISTA MEDICAL CENTER,751 MEDICAL CENTER COURT,CHULA VISTA,CA,91911,SAN DIEGO,Acute Care Hospitals,Proprietary,True,4.0
LA PALMA INTERCOMMUNITY HOSPITAL,7901 WALKER STREET,LA PALMA,CA,90623,ORANGE,Acute Care Hospitals,Proprietary,True,3.0
DESERT VALLEY HOSPITAL,16850 BEAR VALLEY RD,VICTORVILLE,CA,92395,SAN BERNARDINO,Acute Care Hospitals,Proprietary,True,3.0
FRENCH HOSPITAL MEDICAL CENTER,1911 JOHNSON AVE,SAN LUIS OBISPO,CA,93401,SAN LUIS OBISPO,Acute Care Hospitals,Voluntary non-profit - Other,True,4.0
KAISER FOUNDATION HOSPITAL - SACRAMENTO,2025 MORSE AVENUE,SACRAMENTO,CA,95825,SACRAMENTO,Acute Care Hospitals,Voluntary non-profit - Private,False,3.0
KECK HOSPITAL OF USC,1500 SAN PABLO ST,LOS ANGELES,CA,90033,LOS ANGELES,Acute Care Hospitals,Voluntary non-profit - Other,False,3.0
WHITTIER HOSPITAL MEDICAL CENTER,9080 COLIMA RD,WHITTIER,CA,90605,LOS ANGELES,Acute Care Hospitals,Proprietary,True,3.0
MONTEREY PARK HOSPITAL,900 S ATLANTIC BLVD,MONTEREY PARK,CA,91754,LOS ANGELES,Acute Care Hospitals,Proprietary,True,2.0
KAISER FOUNDATION HOSPITAL - WEST LA,6041 CADILLAC AVE,LOS ANGELES,CA,90034,LOS ANGELES,Acute Care Hospitals,Voluntary non-profit - Private,True,3.0
VALLEY PRESBYTERIAN HOSPITAL,15107 VANOWEN ST,VAN NUYS,CA,91406,LOS ANGELES,Acute Care Hospitals,Voluntary non-profit - Other,True,2.0
PLUMAS DISTRICT HOSPITAL,1065 BUCKS LAKE ROAD,QUINCY,CA,95971,PLUMAS,Critical Access Hospitals,Government - Hospital District or Authority,True,2.0
BAKERSFIELD MEMORIAL HOSPITAL,420 34TH ST BOX 1888,BAKERSFIELD,CA,93301,KERN,Acute Care Hospitals,Voluntary non-profit - Private,True,2.0
EAST LOS ANGELES DOCTORS HOSPITAL,4060 WHITTIER BLVD,LOS ANGELES,CA,90023,LOS ANGELES,Acute Care Hospitals,Proprietary,True,2.0
TORRANCE MEMORIAL MEDICAL CENTER,3330 LOMITA BLVD,TORRANCE,CA,90509,LOS ANGELES,Acute Care Hospitals,Voluntary non-profit - Other,True,3.0
GROSSMONT HOSPITAL,5555 GROSSMONT CENTER DRIVE BOX 58,LA MESA,CA,91942,SAN DIEGO,Acute Care Hospitals,Government - Hospital District or Authority,True,3.0
SIERRA VIEW MEDICAL CENTER,465 W PUTNAM AVE,PORTERVILLE,CA,93257,TULARE,Acute Care Hospitals,Voluntary non-profit - Private,True,2.0
CHAPMAN GLOBAL MEDICAL CENTER,2601 E CHAPMAN AVE,ORANGE,CA,92869,ORANGE,Acute Care Hospitals,Proprietary,True,2.0
COMMUNITY HOSPITAL OF HUNTINGTON PARK,2623 E SLAUSON AVE,HUNTINGTON PARK,CA,90255,LOS ANGELES,Acute Care Hospitals,Proprietary,True,2.0
MENDOCINO COAST DISTRICT HOSPITAL,700 RIVER DR,FORT BRAGG,CA,95437,MENDOCINO,Critical Access Hospitals,Government - Hospital District or Authority,True,3.0
KAISER FOUNDATION HOSPITAL - WALNUT CREEK,1425 S MAIN STREET,WALNUT CREEK,CA,94596,CONTRA COSTA,Acute Care Hospitals,Voluntary non-profit - Other,True,2.0
COMMUNITY HOSPITAL OF THE MONTEREY PENINSULA,23625 W R HOLMAN HIGHWAY,MONTEREY,CA,93940,MONTEREY,Acute Care Hospitals,Voluntary non-profit - Private,True,5.0
HEALDSBURG DISTRICT HOSPITAL,1375 UNIVERSITY AVENUE,HEALDSBURG,CA,95448,SONOMA,Critical Access Hospitals,Government - Hospital District or Authority,True,3.0
KAISER FOUNDATION HOSPITAL - FRESNO,7300 NORTH FRESNO ST,FRESNO,CA,93720,FRESNO,Acute Care Hospitals,Voluntary non-profit - Private,True,3.0
NATIVIDAD MEDICAL CENTER,1441 CONSTITUTION BOULEVARD,SALINAS,CA,93906,MONTEREY,Acute Care Hospitals,Government - Hospital District or Authority,True,3.0
COMMUNITY HOSPITAL OF LONG BEACH,1720 TERMINO AVENUE,LONG BEACH,CA,90804,LOS ANGELES,Acute Care Hospitals,Voluntary non-profit - Private,True,2.0
HOAG ORTHOPEDIC INSTITUTE,16250 SAND CANYON AVENUE,IRVINE,CA,92618,ORANGE,Acute Care Hospitals,Proprietary,False,5.0
SAN MATEO MEDICAL CENTER,222 W 39TH AVE,SAN MATEO,CA,94403,SAN MATEO,Acute Care Hospitals,Government - Local,True,3.0
KAISER FOUNDATION HOSPITAL - OAKLAND/RICHMOND,275 W MACARTHUR BOULEVARD,OAKLAND,CA,94611,ALAMEDA,Acute Care Hospitals,Voluntary non-profit - Other,True,3.0
LOS ROBLES HOSPITAL & MEDICAL CENTER,215 W JANSS RD,THOUSAND OAKS,CA,91360,VENTURA,Acute Care Hospitals,Proprietary,True,3.0
KAWEAH DELTA MEDICAL CENTER,400 W MINERAL KING AVE,VISALIA,CA,93291,TULARE,Acute Care Hospitals,Government - Hospital District or Authority,True,4.0
UNIVERSITY OF CALIFORNIA DAVIS MEDICAL CENTER,2315 STOCKTON BOULEVARD,SACRAMENTO,CA,95817,SACRAMENTO,Acute Care Hospitals,Voluntary non-profit - Other,True,3.0
CENTINELA HOSPITAL MEDICAL CENTER,555 EAST HARDY STREET,INGLEWOOD,CA,90301,LOS ANGELES,Acute Care Hospitals,Proprietary,True,4.0
SHASTA REGIONAL MEDICAL CENTER,1100 BUTTE ST,REDDING,CA,96001,SHASTA,Acute Care Hospitals,Proprietary,True,4.0
SCRIPPS MEMORIAL HOSPITAL - ENCINITAS,354 SANTA FE DRIVE,ENCINITAS,CA,92024,SAN DIEGO,Acute Care Hospitals,Voluntary non-profit - Private,True,4.0
BAKERSFIELD HEART HOSPITAL,3001 SILLECT AVENUE,BAKERSFIELD,CA,93308,KERN,Acute Care Hospitals,Proprietary,True,2.0
LAC+USC MEDICAL CENTER,"1200 N STATE ST, ROOM C2K100",LOS ANGELES,CA,90033,LOS ANGELES,Acute Care Hospitals,Government - Local,True,2.0
SUTTER SOLANO MEDICAL CENTER,300 HOSPITAL DR,VALLEJO,CA,94589,SOLANO,Acute Care Hospitals,Voluntary non-profit - Private,True,3.0
PALO VERDE HOSPITAL,250 NORTH FIRST STREET,BLYTHE,CA,92225,RIVERSIDE,Acute Care Hospitals,Government - Federal,True,2.0
O'CONNOR HOSPITAL,2105 FOREST AVENUE,SAN JOSE,CA,95128,SANTA CLARA,Acute Care Hospitals,Voluntary non-profit - Church,True,2.0
OAK VALLEY HOSPITAL DISTRICT,350 S OAK AVE,OAKDALE,CA,95361,STANISLAUS,Acute Care Hospitals,Government - Hospital District or Authority,True,2.0
SOUTH COAST GLOBAL MEDICAL CENTER,2701 S BRISTOL ST,SANTA ANA,CA,92704,ORANGE,Acute Care Hospitals,Proprietary,True,2.0
ANTELOPE VALLEY HOSPITAL,1600 W AVE J,LANCASTER,CA,93534,LOS ANGELES,Acute Care Hospitals,Government - Hospital District or Authority,True,1.0
